Workbook

Sheet Беларусь
A1: Ид_у | B1: Ид_д | C1: Страница1 | D1: Строка1 | E1: Название | F1: Кол_стан | G1: Кол_узл | H1: Длина | I1: ЕСР_Н | J1: ЕСР_К | K1: ЕСР_ТП1 | L1: ЕСР_ТП2 | M1: Тип_у
A2: 2401 | B2: 13 | C2: 24 | D2: 1 | E2: ГРОДНО—МОСТЫ | F2: 13 | G2: 2 | H2: 58 | I2: 135208 | J2: 137203
A3: 2414 | B3: 13 | C3: 24 | D3: 14 | E3: ГРОДНО — ПОРЕЧЬЕ | F3: =COUNTIF([1]Беларусь!B:B, $A3) -> 7 | G3: 2 | H3: 32 | I3: 135208 | J3: 134900
A4: 2421 | B4: 13 | C4: 24 | D4: 21 | E4: ПОРЕЧЬЕ — ПОРЕЧЬЕ (ЭКСП. НА ВИЛЬНЮС) | F4: =COUNTIF([1]Беларусь!B:B, $A4) -> 4 | G4: 2 | H4: 9 | I4: 134900 | J4: 135000
A5: 2425 | B5: 13 | C5: 24 | D5: 25 | E5: ПОРЕЧЬЕ — ПОРЕЧЬЕ (ЭКСП. НА ДРУСКИНИНКАЙ) | F5: =COUNTIF([1]Беларусь!B:B, $A5) -> 3 | G5: 2 | H5: 7 | I5: 134900 | J5: 135509
A6: 2428 | B6: 13 | C6: 24 | D6: 28 | E6: ГРОДНО — БРУЗГИ (ЭКСП.) | F6: =COUNTIF([1]Беларусь!B:B, $A6) -> 10 | G6: 2 | H6: 23 | I6: 135208 | J6: 134807
A7: 2438 | B7: 13 | C7: 24 | D7: 38 | E7: МОСТЫ — ВОЛКОВЫСК-ЦЕНТРАЛЬНЫЙ | F7: =COUNTIF([1]Беларусь!B:B, $A7) -> 7 | G7: 2 | H7: 36 | I7: 137203 | J7: 136709
A8: 2502 | B8: 13 | C8: 25 | D8: 2 | E8: АНДРЕЕВИЧИ — ВОЛКОВЫСК-ЦЕНТРАЛЬНЫЙ | F8: =COUNTIF([1]Беларусь!B:B, $A8) -> 3 | G8: 2 | H8: 10 | I8: 136249 | J8: 136709
A9: 2505 | B9: 13 | C9: 25 | D9: 5 | E9: АНДРЕЕВИЧИ — БЕРЕСТОВИЦА | F9: =COUNTIF([1]Беларусь!B:B, $A9) -> 6 | G9: 2 | H9: 30 | I9: 136249 | J9: 136304
A10: 2511 | B10: 13 | C10: 25 | D10: 11 | E10: АНДРЕЕВИЧИ — СВИСЛОЧЬ (ЭКСП.) | F10: =COUNTIF([1]Беларусь!B:B, $A10) -> 7 | G10: 2 | H10: 33 | I10: 136249 | J10: 135706
A11: 2518 | B11: 13 | C11: 25 | D11: 18 | E11: ЛИДА — МОСТЫ | F11: =COUNTIF([1]Беларусь!B:B, $A11) -> 16 | G11: 2 | H11: 74 | I11: 137608 | J11: 137203
A12: 2534 | B12: 13 | C12: 25 | D12: 34 | E12: ЛИДА — БЕНЯКОНЕ (ЭКСП.) | F12: =COUNTIF([1]Беларусь!B:B, $A12) -> 6 | G12: 2 | H12: 45 | I12: 137608 | J12: 136605
A13: 2540 | B13: 13 | C13: 25 | D13: 40 | E13: ЛИДА — МОЛОДЕЧНО | F13: =COUNTIF([1]Беларусь!B:B, $A13) -> 24 | G13: 2 | H13: 128 | I13: 137608 | J13: 162900
A14: 2616 | B14: 13 | C14: 26 | D14: 16 | E14: МОЛОДЕЧНО — МИНСК-ПАССАЖИРСКИЙ | F14: =COUNTIF([1]Беларусь!B:B, $A14) -> 27 | G14: 2 | H14: 78 | I14: 162900 | J14: 140206
... A35: 3019 | B35: 13 | C35: 30 | D35: 19 | E35: БРЕСТ-ВОСТОЧНЫЙ — ЖАБИНКА | F35: =COUNTIF([1]Беларусь!B:B, $A35) -> 6 | G35: 2 | H35: 23 | I35: 130204 | J35: 131207
A36: 3025 | B36: 13 | C36: 30 | D36: 25 | E36: ЖАБИНКА — БАРАНОВИЧИ-ЦЕНТРАЛЬНЫЕ | F36: =COUNTIF([1]Беларусь!B:B, $A36) -> 23 | G36: 2 | H36: 176 | I36: 131207
A37: 3109 | B37: 13 | C37: 31 | D37: 9 | E37: БРОННАЯ ГОРА — БЕЛООЗЕРСК | F37: =COUNTIF([1]Беларусь!B:B, $A37) -> 4 | G37: 3 | H37: 18 | I37: 134008 | J37: 133804
A38: 3113 | B38: 13 | C38: 31 | D38: 13 | E38: ВОЛКОВЫСК-ЦЕНТРАЛЬНЫЙ — БАРАНОВИЧИ-ЦЕНТРАЛЬНЫЕ | F38: =COUNTIF([1]Беларусь!B:B, $A38) -> 22 | G38: 2 | H38: 122 | I38: 136709 | J38: 138507
A39: 3135 | B39: 13 | C39: 31 | D39: 35 | E39: БАРАНОВИЧИ-ПОЛЕССКИЕ — ЛИДА | F39: =COUNTIF([1]Беларусь!B:B, $A39) -> 19 | G39: 2 | H39: 105 | I39: 138901 | J39: 137608
A40: 3208 | B40: 13 | C40: 32 | D40: 8 | E40: БАРАНОВИЧИ-ПОЛЕССКИЕ — ЛУНИНЕЦ | F40: =COUNTIF([1]Беларусь!B:B, $A40) -> 19 | G40: 2 | H40: 116 | I40: 138901 | J40: 139406
A41: 3227 | B41: 13 | C41: 32 | D41: 27 | E41: БАРАНОВИЧИ-ЦЕНТРАЛЬНЫЕ — БАРАНОВИЧИ-ПОЛЕССКИЕ | F41: =COUNTIF([1]Беларусь!B:B, $A41) -> 2 | G41: 2 | H41: 4 | I41: 138507 | J41: 138901
A42: 3229 | B42: 13 | C42: 32 | D42: 29 | E42: БАРАНОВИЧИ-ПОЛЕССКИЕ — ОСИПОВИЧИ I | F42: =COUNTIF([1]Беларусь!B:B, $A42) -> 36 | G42: 2 | H42: 204 | I42: 138901 | J42: 146407
A43: 3313 | B43: 13 | C43: 33 | D43: 13 | E43: СЛУЦК — СОЛИГОРСК | F43: =COUNTIF([1]Беларусь!B:B, $A43) -> 8 | G43: 2 | H43: 30 | I43: 148602 | J43: 148227
A44: 3321 | B44: 13 | C44: 33 | D44: 21 | E44: КАЛИЙ III — КАЛИЙ IV | F44: =COUNTIF([1]Беларусь!B:B, $A44) -> 2 | G44: 3 | H44: 16 | I44: 148301 | J44: 148509
A45: 3323 | B45: 13 | C45: 33 | D45: 23 | E45: БАРАНОВИЧИ-ЦЕНТРАЛЬНЫЕ — МИНСК-ПАССАЖИРСКИЙ | F45: =COUNTIF([1]Беларусь!B:B, $A45) -> 33 | G45: 2 | H45: 145 | I45: 138507 | J45: 140206
A46: 3313 | B46: 13 | C46: 33 | D46: 13 | E46: СЛУЦК — СОЛИГОРСК | F46: =COUNTIF([1]Беларусь!B:B, $A46) -> 8 | G46: 2 | H46: 30 | I46: 148602 | J46: 148227
A47: 3321 | B47: 13 | C47: 33 | D47: 21 | E47: КАЛИЙ III — КАЛИЙ IV | F47: =COUNTIF([1]Беларусь!B:B, $A47) -> 2 | G47: 3 | H47: 16 | I47: 148301 | J47: 148509
A48: 3323 | B48: 13 | C48: 33 | D48: 23 | E48: БАРАНОВИЧИ-ЦЕНТРАЛЬНЫЕ — МИНСК-ПАССАЖИРСКИЙ | F48: =COUNTIF([1]Беларусь!B:B, $A48) -> 33 | G48: 2 | H48: 145 | I48: 138507 | J48: 140206
... A87: 4335 | B87: 13 | C87: 43 | D87: 35 | E87: РЗД СВЕТОЧ — ОП ГОМЕЛЬ-ЧЕТНЫЙ | F87: =COUNTIF([1]Беларусь!B:B, $A87) -> 4 | G87: 2 | H87: 10 | I87: 150024 | J87: 150119

Sheet Калининград
A1: Ид_у | B1: Ид_д | C1: Страница1 | D1: Строка1 | E1: Название | F1: Кол_стан | G1: Кол_узл | H1: Длина | I1: ЕСР_Н | J1: ЕСР_К | K1: ЕСР_ТП1 | L1: ЕСР_ТП2 | M1: Тип_у
A2: 16801 | B2: 10 | C2: 168 | D2: 1 | E2: СОВЕТСК — НЕМАН-НОВЫЙ | F2: 2 | G2: 2 | H2: 13 | I2: 104801 | J2: 104905
A3: 16803 | B3: 10 | C3: 168 | D3: 3 | E3: СОВЕТСК — КАЛИНИНГРАД-ПАССАЖИРСКИЙ | F3: 19 | G3: 2 | H3: 124 | I3: 104801 | J3: 100016
A4: 16822 | B4: 10 | C4: 168 | D4: 22 | E4: КАЛИНИНГРАД-ПАССАЖИРСКИЙ — МАМОНОВО (ЭКСП.) | F4: 15 | G4: 2 | H4: 56 | I4: 100016 | J4: 102806
A5: 16837 | B5: 10 | C5: 168 | D5: 37 | E5: КАЛИНИНГРАД-ПАССАЖИРСКИЙ — БАЛТИЙСК (ЭКСП.) | F5: 14 | G5: 2 | H5: 47 | I5: 100016 | J5: 103902
A6: 16909 | B6: 10 | C6: 169 | D6: 9 | E6: КАЛИНИНГРАД-ПАССАЖИРСКИЙ — БАГРАТИОНОВСК (ЭКСП.) | F6: 11 | G6: 2 | H6: 41 | I6: 100016 | J6: 102308
A7: 16920 | B7: 10 | C7: 169 | D7: 20 | E7: БАГРАТИОНОВСК — ДОЛГОРУКОВО-ЗАПАДНОЕ | F7: 2 | G7: 2 | H7: 10 | I7: 102204 | J7: 102219
A8: 16922 | B8: 10 | C8: 169 | D8: 22 | E8: КАЛИНИНГРАД-МАМОНОВСКИЙ — ГОЛУБЫЕ ОЗЕРА | F8: 2 | G8: 2 | H8: 7 | I8: 100035 | J8: 100049
A9: 16924 | B9: 10 | C9: 169 | D9: 24 | E9: КАЛИНИНГРАД-ПАССАЖИРСКИЙ — ЧЕРНЯХОВСК | F9: 13 | G9: 2 | H9: 90 | I9: 100016 | J9: 100800
A10: 16937 | B10: 10 | C10: 169 | D10: 37 | E10: ЧЕРНЯХОВСК — СОВЕТСК (ЭКСП.) | F10: 9 | G10: 2 | H10: 59 | I10: 100800 | J10: 105005
A11: 17004 | B11: 10 | C11: 170 | D11: 4 | E11: ЧЕРНЯХОВСК — ЖЕЛЕЗНОДОРОЖНЫЙ (ЭКСП.) | F11: 13 | G11: 2 | H11: 48 | I11: 100800 | J11: 101108
A12: 17017 | B12: 10 | C12: 170 | D12: 17 | E12: ЧЕРНЯХОВСК — НЕСТЕРОВ (ЭКСП.) | F12: 13 | G12: 2 | H12: 61 | I12: 100800 | J12: 100406
A13: 17030 | B13: 10 | C13: 170 | D13: 30 | E13: КАЛИНИНГРАД-СЕВЕРНЫЙ — ПРИМОРСК-НОВЫЙ | F13: 17 | G13: 3 | H13: 80 | I13: 103616 | J13: 103334
... A17: 17114 | B17: 10 | C17: 171 | D17: 13 | E17: СВЕТЛОГОРСК I — СВЕТЛОГОРСК II | F17: 2 | G17: 3 | H17: 215 | I17: 103813 | J17: 103828

Sheet Эстония
A1: Ид_у | B1: Ид_д | C1: Страница1 | D1: Строка1 | E1: Название | F1: Кол_стан | G1: Кол_узл | H1: Длина | I1: ЕСР_Н | J1: ЕСР_К | K1: ЕСР_ТП1 | L1: ЕСР_ТП2 | M1: Тип_у
A2: 49801 | B2: 8 | C2: 498 | D2: 1 | E2: РИЙЗИПЕРЕ — ТАЛЛИН | F2: 20 | G2: 2 | H2: 51 | I2: 80607 | J2: 81506
A3: 49821 | B3: 8 | C3: 498 | D3: 21 | E3: ТАЛЛИНН — ЮЛЕМИСТЕ | F3: 2 | G3: 2 | H3: 7 | I3: 81402 | J3: 82000
A4: 49823 | B4: 8 | C4: 498 | D4: 23 | E4: ЮЛЕМИСТЕ — ЛИЙВА | F4: 2 | G4: 2 | H4: 6 | I4: 82000 | J4: 88308
A5: 49825 | B5: 8 | C5: 498 | D5: 25 | E5: ЮЛЕМИСТЕ — ТАПА | F5: 16 | G5: 2 | H5: 70 | I5: 82000 | J5: 80005
A6: 49841 | B6: 8 | C6: 498 | D6: 41 | E6: ТАПА — НАРВА (ЭКСП.) | F6: 17 | G6: 2 | H6: 133 | I6: 80005 | J6: 84006
A7: 49902 | B7: 8 | C7: 499 | D7: 2 | E7: ТАПА — ТАРТУ | F7: 20 | G7: 2 | H7: 113 | I7: 80005 | J7: 84805
A8: 49922 | B8: 8 | C8: 499 | D8: 22 | E8: ТАРТУ — ВАЛГА (ЭКСП.) | F8: 22 | G8: 2 | H8: 85 | I8: 84805 | J8: 86800
A9: 49944 | B9: 8 | C9: 499 | D9: 44 | E9: ТАРТУ — ОРАВА (ЭКСП.) | F9: 21 | G9: 2 | H9: 87 | I9: 84805 | J9: 84701
A10: 50001 | B10: 8 | C10: 500 | D10: 1 | E10: ВАЛГА — ПИУЗА (ЭКСП.) | F10: 20 | G10: 2 | H10: 95 | I10: 86209 | J10: 85309
A11: 50021 | B11: 8 | C11: 500 | D11: 21 | E11: КЕЙЛА — ПАЛДИСКИ (ЭКСП.) | F11: 8 | G11: 2 | H11: 27 | I11: 80804 | J11: 80908
A12: 50029 | B12: 8 | C12: 500 | D12: 29 | E12: ЮЛЕМИСТЕ — МУУГА (ЭКСП.) | F12: 6 | G12: 3 | H12: 18 | I12: 82000 | J12: 81900
A13: 50035 | B13: 8 | C13: 500 | D13: 35 | E13: КЛООГА — ОП КЛООГАРАННА | F13: 2 | G13: 2 | H13: 36 | I13: 81008 | J13: 81046
A14: 50037 | B14: 8 | C14: 500 | D14: 37 | E14: ТАЛЛИНН — ЛЕЛЛЕ | F14: 15 | G14: 3 | H14: 72 | I14: 81402 | J14: 88524
... A16: 50111 | B16: 8 | C16: 501 | D16: 11 | E16: ЛЕЛЛЕ — ВИЛЬЯНДИ | F16: 10 | G16: 2 | H16: 79 | I16: 88524 | J16: 88905

Sheet Литва
A1: Ид_у | B1: Ид_д | C1: Страница1 | D1: Строка1 | E1: Название | F1: Кол_стан | G1: Кол_узл | H1: Длина | I1: ЕСР_Н | J1: ЕСР_К | K1: ЕСР_ТП1 | L1: ЕСР_ТП2 | M1: Тип_у
A2: 9001 | B2: 12 | C2: 90 | D2: 1 | E2: РЗД ШАРКЯЙ (ЭКСП.) — ШЯУЛЯЙ | F2: 6 | G2: 2 | H2: 60 | I2: 126105 | J2: 125704
A3: 9007 | B3: 12 | C3: 90 | D3: 7 | E3: ШЯУЛЯЙ — КУЖЯЙ | F3: 3 | G3: 2 | H3: 15 | I3: 125704 | J3: 127004
A4: 9010 | B4: 12 | C4: 90 | D4: 10 | E4: СКУОДАС (ЭКСП.) — КРЯТИНГА | F4: 7 | G4: 2 | H4: 52 | I4: 106900 | J4: 107809
A5: 9017 | B5: 12 | C5: 90 | D5: 17 | E5: ЛУШЕ (ЭКСП.) — МАЖЕЙКЯЙ | F5: 4 | G5: 2 | H5: 25 | I5: 126209 | J5: 126406
A6: 9021 | B6: 12 | C6: 90 | D6: 21 | E6: МАЖЕЙКЯЙ — КУЖЯЙ | F6: 5 | G6: 2 | H6: 63 | I6: 126406 | J6: 127004
A7: 9026 | B7: 12 | C7: 90 | D7: 26 | E7: ЛУШЕ — БУГЯНЯЙ | F7: 2 | G7: 3 | H7: 11 | I7: 126213 | J7: 126302
A8: 9028 | B8: 12 | C8: 90 | D8: 28 | E8: ВЯНТА — БУГЯНЯЙ | F8: 2 | G8: 2 | H8: 15 | I8: 126317 | J8: 126302
A9: 9030 | B9: 12 | C9: 90 | D9: 30 | E9: МАЖЕЙКЯЙ (ЭКСП.) — МАЖЕЙКЯЙ | F9: 2 | G9: 2 | H9: 19 | I9: 126505 | J9: 126406
A10: 9032 | B10: 12 | C10: 90 | D10: 32 | E10: КУЖЯЙ — КРЯТИНГА | F10: 6 | G10: 2 | H10: 127 | I10: 127004 | J10: 107809
A11: 9102 | B11: 12 | C11: 91 | D11: 2 | E11: КРЯТИНГА — ПАГЕГЯЙ (ЭКСП.) | F11: 18 | G11: 2 | H11: 114 | I11: 107809 | J11: 107903
A12: 9120 | B12: 12 | C12: 91 | D12: 20 | E12: РИМКАЙ — ДРАУГИСТЕ (ЭКСП.) | F12: 4 | G12: 2 | H12: 4 | I12: 108408 | J12: 106101
A13: 9124 | B13: 12 | C13: 91 | D13: 24 | E13: КИБАРТАЙ (ЭКСП.) — КАЗЛУ-РУДА | F13: 6 | G13: 2 | H13: 51 | I13: 124400 | J13: 123408
... A40: 9545 | B40: 12 | C40: 95 | D40: 45 | E40: ВАЙДОТАЙ — ПАНЯРЯЙ | F40: 2 | G40: 2 | H40: 8 | I40: 121008 | J40: 120804

Sheet Латвия
A1: Ид_у | B1: Ид_д | C1: Страница1 | D1: Строка1 | E1: Название | F1: Кол_стан | G1: Кол_узл | H1: Длина | I1: ЕСР_Н | J1: ЕСР_К | K1: ЕСР_ТП1 | L1: ЕСР_ТП2 | M1: Тип_у
A2: 8001 | B2: 9 | C2: 80 | D2: 1 | E2: РУИЕНА (ЭКСП.) — ЗЕМИТАНЫ | F2: 42 | G2: 2 | H2: 163 | I2: 090204 | J2: 095000
A3: 8043 | B3: 9 | C3: 80 | D3: 43 | E3: ЛУГАЖИ (ЭКСП.) — ИЕРИКИ | F3: 14 | G3: 2 | H3: 92 | I3: 110802 | J3: 111307
A4: 8057 | B4: 9 | C4: 80 | D4: 57 | E4: ИЕРИКИ — ЗЕМИТАНЫ | F4: 13 | G4: 2 | H4: 70 | I4: 111307 | J4: 95000
A5: 8110 | B5: 9 | C5: 81 | D5: 10 | E5: ГУЛБЕНЕ — ПЛЯВИНЯС | F5: 12 | G5: 2 | H5: 99 | I5: 111608 | J5: 117604
A6: 8122 | B6: 9 | C6: 81 | D6: 22 | E6: ЯУНКАЛСНАВА — ВЕСЕТА | F6: 2 | G6: 2 | H6: 13 | I6: 117500 | J6: 117801
A7: 8124 | B7: 9 | C7: 81 | D7: 24 | E7: ГУЛБЕНЕ — ВЕЦУМИ (ЭКСП.) | F7: 10 | G7: 2 | H7: 78 | I7: 111608 | J7: 112009
A8: 8134 | B8: 9 | C8: 81 | D8: 34 | E8: КАРСАВА (ЭКСП.) — РЕЗЕКНЕ I | F8: 9 | G8: 3 | H8: 49 | I8: 112507 | J8: 112723
A9: 8143 | B9: 9 | C9: 81 | D9: 43 | E9: РЕЗЕКНЕ II — ЗИЛУПЕ (ЭКСП.) | F9: 9 | G9: 2 | H9: 59 | I9: 113105 | J9: 112808
A10: 8201 | B10: 9 | C10: 82 | D10: 1 | E10: РЕЗЕКНЕ II — РЕЗЕКНЕ I | F10: 2 | G10: 2 | H10: 3 | I10: 113105 | J10: 112723
A11: 8203 | B11: 9 | C11: 82 | D11: 3 | E11: РЕЗЕКНЕ I ДАУГАВПИЛС - ШКИРОШАНАС | F11: 17 | G11: 2 | H11: 84 | I11: 112723 | J11: 110107
A12: 8220 | B12: 9 | C12: 82 | D12: 20 | E12: РЕЗЕКНЕ II — КРУСТПИЛС | F12: 9 | G12: 2 | H12: 95 | I12: 113105 | J12: 114201
A13: 8229 | B13: 9 | C13: 82 | D13: 29 | E13: КРУСТПИЛС — ПЛЯВИНЯС | F13: 3 | G13: 2 | H13: 17 | I13: 114201 | J13: 117604
A14: 8232 | B14: 9 | C14: 82 | D14: 32 | E14: КРУСТПИЛС — ДАУГАВПИЛС-ШКИРОШАНАС | F14: 13 | G14: 2 | H14: 89 | I14: 114201 | J14: 110107
... A43: 8822 | B43: 9 | C43: 88 | D43: 22 | E43: ЛАЧУПЕ — ИЛЬПОЦИЕМС (ЭКСП.) | F43: 3 | G43: 2 | H43: 2 | I43: 96802 | J43: 97203
